Campaign,Add Group Name,Keyword,Match Type,Ad Group Negatives,Campaign Negatives
Bay Area Deck,Deck Repair and Maintenance,deck repair,Exact,siding|fence|gazebo|arbor|trellis|pergola|furniture|brick|concrete|masonry|stone,how to|diy|tutorial|instructions|jobs|job|careers|salary|home depot|lowes|menards|amazon|supplies|materials|kits|prefab|prebuilt|cheap|free|reddit|youtube|plastic|pvc|vinyl|resin|synthetic|composite|engineered|polywood|fiber cement|fibre cement|hardie|hardiplank|james hardie|lp smartside|trex|timbertech|azek|fiberon|evergrain|metal|aluminum|aluminium|steel|iron|wrought iron
Bay Area Deck,Deck Repair and Maintenance,deck restoration,Exact,siding|fence|gazebo|arbor|trellis|pergola|furniture|brick|concrete|masonry|stone,how to|diy|tutorial|instructions|jobs|job|careers|salary|home depot|lowes|menards|amazon|supplies|materials|kits|prefab|prebuilt|cheap|free|reddit|youtube|plastic|pvc|vinyl|resin|synthetic|composite|engineered|polywood|fiber cement|fibre cement|hardie|hardiplank|james hardie|lp smartside|trex|timbertech|azek|fiberon|evergrain|metal|aluminum|aluminium|steel|iron|wrought iron
Bay Area Deck,Deck Repair and Maintenance,deck maintenance,Exact,siding|fence|gazebo|arbor|trellis|pergola|furniture|brick|concrete|masonry|stone,how to|diy|tutorial|instructions|jobs|job|careers|salary|home depot|lowes|menards|amazon|supplies|materials|kits|prefab|prebuilt|cheap|free|reddit|youtube|plastic|pvc|vinyl|resin|synthetic|composite|engineered|polywood|fiber cement|fibre cement|hardie|hardiplank|james hardie|lp smartside|trex|timbertech|azek|fiberon|evergrain|metal|aluminum|aluminium|steel|iron|wrought iron
Bay Area Deck,Deck Repair and Maintenance,deck resurfacing,Phrase,siding|fence|gazebo|arbor|trellis|pergola|furniture|brick|concrete|masonry|stone,how to|diy|tutorial|instructions|jobs|job|careers|salary|home depot|lowes|menards|amazon|supplies|materials|kits|prefab|prebuilt|cheap|free|reddit|youtube|plastic|pvc|vinyl|resin|synthetic|composite|engineered|polywood|fiber cement|fibre cement|hardie|hardiplank|james hardie|lp smartside|trex|timbertech|azek|fiberon|evergrain|metal|aluminum|aluminium|steel|iron|wrought iron
Bay Area Deck,Deck Finishing and Protection,deck refinishing,Exact,siding|fence|gazebo|arbor|trellis|pergola|furniture|brick|concrete|masonry|stone,how to|diy|tutorial|instructions|jobs|job|careers|salary|home depot|lowes|menards|amazon|supplies|materials|kits|prefab|prebuilt|cheap|free|reddit|youtube|plastic|pvc|vinyl|resin|synthetic|composite|engineered|polywood|fiber cement|fibre cement|hardie|hardiplank|james hardie|lp smartside|trex|timbertech|azek|fiberon|evergrain|metal|aluminum|aluminium|steel|iron|wrought iron
Bay Area Deck,Deck Finishing and Protection,deck sealing,Phrase,siding|fence|gazebo|arbor|trellis|pergola|furniture|brick|concrete|masonry|stone,how to|diy|tutorial|instructions|jobs|job|careers|salary|home depot|lowes|menards|amazon|supplies|materials|kits|prefab|prebuilt|cheap|free|reddit|youtube|plastic|pvc|vinyl|resin|synthetic|composite|engineered|polywood|fiber cement|fibre cement|hardie|hardiplank|james hardie|lp smartside|trex|timbertech|azek|fiberon|evergrain|metal|aluminum|aluminium|steel|iron|wrought iron
Bay Area Deck,Deck Finishing and Protection,deck staining,Phrase,siding|fence|gazebo|arbor|trellis|pergola|furniture|brick|concrete|masonry|stone,how to|diy|tutorial|instructions|jobs|job|careers|salary|home depot|lowes|menards|amazon|supplies|materials|kits|prefab|prebuilt|cheap|free|reddit|youtube|plastic|pvc|vinyl|resin|synthetic|composite|engineered|polywood|fiber cement|fibre cement|hardie|hardiplank|james hardie|lp smartside|trex|timbertech|azek|fiberon|evergrain|metal|aluminum|aluminium|steel|iron|wrought iron
Bay Area Deck,Premium Wood Deck Restoration,redwood deck,Phrase,siding|fence|gazebo|arbor|trellis|pergola|furniture|brick|concrete|masonry|stone,how to|diy|tutorial|instructions|jobs|job|careers|salary|home depot|lowes|menards|amazon|supplies|materials|kits|prefab|prebuilt|cheap|free|reddit|youtube|plastic|pvc|vinyl|resin|synthetic|composite|engineered|polywood|fiber cement|fibre cement|hardie|hardiplank|james hardie|lp smartside|trex|timbertech|azek|fiberon|evergrain|metal|aluminum|aluminium|steel|iron|wrought iron
Bay Area Deck,Premium Wood Deck Restoration,cedar deck,Phrase,siding|fence|gazebo|arbor|trellis|pergola|furniture|brick|concrete|masonry|stone,how to|diy|tutorial|instructions|jobs|job|careers|salary|home depot|lowes|menards|amazon|supplies|materials|kits|prefab|prebuilt|cheap|free|reddit|youtube|plastic|pvc|vinyl|resin|synthetic|composite|engineered|polywood|fiber cement|fibre cement|hardie|hardiplank|james hardie|lp smartside|trex|timbertech|azek|fiberon|evergrain|metal|aluminum|aluminium|steel|iron|wrought iron
Bay Area Deck,Premium Wood Deck Restoration,ipe deck,Phrase,siding|fence|gazebo|arbor|trellis|pergola|furniture|brick|concrete|masonry|stone,how to|diy|tutorial|instructions|jobs|job|careers|salary|home depot|lowes|menards|amazon|supplies|materials|kits|prefab|prebuilt|cheap|free|reddit|youtube|plastic|pvc|vinyl|resin|synthetic|composite|engineered|polywood|fiber cement|fibre cement|hardie|hardiplank|james hardie|lp smartside|trex|timbertech|azek|fiberon|evergrain|metal|aluminum|aluminium|steel|iron|wrought iron
Bay Area Deck,Premium Wood Deck Restoration,teak deck,Phrase,siding|fence|gazebo|arbor|trellis|pergola|furniture|brick|concrete|masonry|stone,how to|diy|tutorial|instructions|jobs|job|careers|salary|home depot|lowes|menards|amazon|supplies|materials|kits|prefab|prebuilt|cheap|free|reddit|youtube|plastic|pvc|vinyl|resin|synthetic|composite|engineered|polywood|fiber cement|fibre cement|hardie|hardiplank|james hardie|lp smartside|trex|timbertech|azek|fiberon|evergrain|metal|aluminum|aluminium|steel|iron|wrought iron
Bay Area Siding,Siding Repair and Maintenance,wood siding repair,Exact,deck|fence|gazebo|arbor|trellis|pergola|furniture|brick|concrete|masonry|stone,how to|diy|tutorial|instructions|jobs|job|careers|salary|home depot|lowes|menards|amazon|supplies|materials|kits|prefab|prebuilt|cheap|free|reddit|youtube|plastic|pvc|vinyl|resin|synthetic|composite|engineered|polywood|fiber cement|fibre cement|hardie|hardiplank|james hardie|lp smartside|trex|timbertech|azek|fiberon|evergrain|metal|aluminum|aluminium|steel|iron|wrought iron
Bay Area Siding,Siding Repair and Maintenance,wood siding restoration,Exact,deck|fence|gazebo|arbor|trellis|pergola|furniture|brick|concrete|masonry|stone,how to|diy|tutorial|instructions|jobs|job|careers|salary|home depot|lowes|menards|amazon|supplies|materials|kits|prefab|prebuilt|cheap|free|reddit|youtube|plastic|pvc|vinyl|resin|synthetic|composite|engineered|polywood|fiber cement|fibre cement|hardie|hardiplank|james hardie|lp smartside|trex|timbertech|azek|fiberon|evergrain|metal|aluminum|aluminium|steel|iron|wrought iron
Bay Area Siding,Siding Repair and Maintenance,wood siding maintenance,Exact,deck|fence|gazebo|arbor|trellis|pergola|furniture|brick|concrete|masonry|stone,how to|diy|tutorial|instructions|jobs|job|careers|salary|home depot|lowes|menards|amazon|supplies|materials|kits|prefab|prebuilt|cheap|free|reddit|youtube|plastic|pvc|vinyl|resin|synthetic|composite|engineered|polywood|fiber cement|fibre cement|hardie|hardiplank|james hardie|lp smartside|trex|timbertech|azek|fiberon|evergrain|metal|aluminum|aluminium|steel|iron|wrought iron
Bay Area Siding,Siding Finishing and Protection,wood siding sealing,Phrase,deck|fence|gazebo|arbor|trellis|pergola|furniture|brick|concrete|masonry|stone,how to|diy|tutorial|instructions|jobs|job|careers|salary|home depot|lowes|menards|amazon|supplies|materials|kits|prefab|prebuilt|cheap|free|reddit|youtube|plastic|pvc|vinyl|resin|synthetic|composite|engineered|polywood|fiber cement|fibre cement|hardie|hardiplank|james hardie|lp smartside|trex|timbertech|azek|fiberon|evergrain|metal|aluminum|aluminium|steel|iron|wrought iron
Bay Area Siding,Siding Finishing and Protection,wood siding staining,Phrase,deck|fence|gazebo|arbor|trellis|pergola|furniture|brick|concrete|masonry|stone,how to|diy|tutorial|instructions|jobs|job|careers|salary|home depot|lowes|menards|amazon|supplies|materials|kits|prefab|prebuilt|cheap|free|reddit|youtube|plastic|pvc|vinyl|resin|synthetic|composite|engineered|polywood|fiber cement|fibre cement|hardie|hardiplank|james hardie|lp smartside|trex|timbertech|azek|fiberon|evergrain|metal|aluminum|aluminium|steel|iron|wrought iron
Bay Area Siding,Premium Wood Siding,redwood siding,Phrase,deck|fence|gazebo|arbor|trellis|pergola|furniture|brick|concrete|masonry|stone,how to|diy|tutorial|instructions|jobs|job|careers|salary|home depot|lowes|menards|amazon|supplies|materials|kits|prefab|prebuilt|cheap|free|reddit|youtube|plastic|pvc|vinyl|resin|synthetic|composite|engineered|polywood|fiber cement|fibre cement|hardie|hardiplank|james hardie|lp smartside|trex|timbertech|azek|fiberon|evergrain|metal|aluminum|aluminium|steel|iron|wrought iron
Bay Area Siding,Premium Wood Siding,cedar siding,Phrase,deck|fence|gazebo|arbor|trellis|pergola|furniture|brick|concrete|masonry|stone,how to|diy|tutorial|instructions|jobs|job|careers|salary|home depot|lowes|menards|amazon|supplies|materials|kits|prefab|prebuilt|cheap|free|reddit|youtube|plastic|pvc|vinyl|resin|synthetic|composite|engineered|polywood|fiber cement|fibre cement|hardie|hardiplank|james hardie|lp smartside|trex|timbertech|azek|fiberon|evergrain|metal|aluminum|aluminium|steel|iron|wrought iron
Bay Area Siding,Premium Wood Siding,ipe siding,Phrase,deck|fence|gazebo|arbor|trellis|pergola|furniture|brick|concrete|masonry|stone,how to|diy|tutorial|instructions|jobs|job|careers|salary|home depot|lowes|menards|amazon|supplies|materials|kits|prefab|prebuilt|cheap|free|reddit|youtube|plastic|pvc|vinyl|resin|synthetic|composite|engineered|polywood|fiber cement|fibre cement|hardie|hardiplank|james hardie|lp smartside|trex|timbertech|azek|fiberon|evergrain|metal|aluminum|aluminium|steel|iron|wrought iron
Bay Area Siding,Premium Wood Siding,teak siding,Phrase,deck|fence|gazebo|arbor|trellis|pergola|furniture|brick|concrete|masonry|stone,how to|diy|tutorial|instructions|jobs|job|careers|salary|home depot|lowes|menards|amazon|supplies|materials|kits|prefab|prebuilt|cheap|free|reddit|youtube|plastic|pvc|vinyl|resin|synthetic|composite|engineered|polywood|fiber cement|fibre cement|hardie|hardiplank|james hardie|lp smartside|trex|timbertech|azek|fiberon|evergrain|metal|aluminum|aluminium|steel|iron|wrought iron
Bay Area Structures,Fence Repair and Maintenance,wood fence repair,Exact,deck|siding|gazebo|arbor|trellis|pergola|furniture|brick|concrete|masonry|stone,how to|diy|tutorial|instructions|jobs|job|careers|salary|home depot|lowes|menards|amazon|supplies|materials|kits|prefab|prebuilt|cheap|free|reddit|youtube|plastic|pvc|vinyl|resin|synthetic|composite|engineered|polywood|fiber cement|fibre cement|hardie|hardiplank|james hardie|lp smartside|trex|timbertech|azek|fiberon|evergrain|metal|aluminum|aluminium|steel|iron|wrought iron
Bay Area Structures,Fence Repair and Maintenance,wood fence restoration,Exact,deck|siding|gazebo|arbor|trellis|pergola|furniture|brick|concrete|masonry|stone,how to|diy|tutorial|instructions|jobs|job|careers|salary|home depot|lowes|menards|amazon|supplies|materials|kits|prefab|prebuilt|cheap|free|reddit|youtube|plastic|pvc|vinyl|resin|synthetic|composite|engineered|polywood|fiber cement|fibre cement|hardie|hardiplank|james hardie|lp smartside|trex|timbertech|azek|fiberon|evergrain|metal|aluminum|aluminium|steel|iron|wrought iron
Bay Area Structures,Fence Repair and Maintenance,wood fence maintenance,Exact,deck|siding|gazebo|arbor|trellis|pergola|furniture|brick|concrete|masonry|stone,how to|diy|tutorial|instructions|jobs|job|careers|salary|home depot|lowes|menards|amazon|supplies|materials|kits|prefab|prebuilt|cheap|free|reddit|youtube|plastic|pvc|vinyl|resin|synthetic|composite|engineered|polywood|fiber cement|fibre cement|hardie|hardiplank|james hardie|lp smartside|trex|timbertech|azek|fiberon|evergrain|metal|aluminum|aluminium|steel|iron|wrought iron
Bay Area Structures,Fence Finishing and Protection,wood fence resurfacing,Phrase,deck|siding|gazebo|arbor|trellis|pergola|furniture|brick|concrete|masonry|stone,how to|diy|tutorial|instructions|jobs|job|careers|salary|home depot|lowes|menards|amazon|supplies|materials|kits|prefab|prebuilt|cheap|free|reddit|youtube|plastic|pvc|vinyl|resin|synthetic|composite|engineered|polywood|fiber cement|fibre cement|hardie|hardiplank|james hardie|lp smartside|trex|timbertech|azek|fiberon|evergrain|metal|aluminum|aluminium|steel|iron|wrought iron
Bay Area Structures,Fence Finishing and Protection,wood fence refinishing,Exact,deck|siding|gazebo|arbor|trellis|pergola|furniture|brick|concrete|masonry|stone,how to|diy|tutorial|instructions|jobs|job|careers|salary|home depot|lowes|menards|amazon|supplies|materials|kits|prefab|prebuilt|cheap|free|reddit|youtube|plastic|pvc|vinyl|resin|synthetic|composite|engineered|polywood|fiber cement|fibre cement|hardie|hardiplank|james hardie|lp smartside|trex|timbertech|azek|fiberon|evergrain|metal|aluminum|aluminium|steel|iron|wrought iron
Bay Area Structures,Fence Finishing and Protection,wood fence sealing,Phrase,deck|siding|gazebo|arbor|trellis|pergola|furniture|brick|concrete|masonry|stone,how to|diy|tutorial|instructions|jobs|job|careers|salary|home depot|lowes|menards|amazon|supplies|materials|kits|prefab|prebuilt|cheap|free|reddit|youtube|plastic|pvc|vinyl|resin|synthetic|composite|engineered|polywood|fiber cement|fibre cement|hardie|hardiplank|james hardie|lp smartside|trex|timbertech|azek|fiberon|evergrain|metal|aluminum|aluminium|steel|iron|wrought iron
Bay Area Structures,Fence Finishing and Protection,wood fence staining,Phrase,deck|siding|gazebo|arbor|trellis|pergola|furniture|brick|concrete|masonry|stone,how to|diy|tutorial|instructions|jobs|job|careers|salary|home depot|lowes|menards|amazon|supplies|materials|kits|prefab|prebuilt|cheap|free|reddit|youtube|plastic|pvc|vinyl|resin|synthetic|composite|engineered|polywood|fiber cement|fibre cement|hardie|hardiplank|james hardie|lp smartside|trex|timbertech|azek|fiberon|evergrain|metal|aluminum|aluminium|steel|iron|wrought iron
Bay Area Structures,Premium Wood Fence Restoration,redwood fence,Phrase,deck|siding|gazebo|arbor|trellis|pergola|furniture|brick|concrete|masonry|stone,how to|diy|tutorial|instructions|jobs|job|careers|salary|home depot|lowes|menards|amazon|supplies|materials|kits|prefab|prebuilt|cheap|free|reddit|youtube|plastic|pvc|vinyl|resin|synthetic|composite|engineered|polywood|fiber cement|fibre cement|hardie|hardiplank|james hardie|lp smartside|trex|timbertech|azek|fiberon|evergrain|metal|aluminum|aluminium|steel|iron|wrought iron
Bay Area Structures,Premium Wood Fence Restoration,cedar fence,Phrase,deck|siding|gazebo|arbor|trellis|pergola|furniture|brick|concrete|masonry|stone,how to|diy|tutorial|instructions|jobs|job|careers|salary|home depot|lowes|menards|amazon|supplies|materials|kits|prefab|prebuilt|cheap|free|reddit|youtube|plastic|pvc|vinyl|resin|synthetic|composite|engineered|polywood|fiber cement|fibre cement|hardie|hardiplank|james hardie|lp smartside|trex|timbertech|azek|fiberon|evergrain|metal|aluminum|aluminium|steel|iron|wrought iron
Bay Area Structures,Premium Wood Fence Restoration,ipe fence,Phrase,deck|siding|gazebo|arbor|trellis|pergola|furniture|brick|concrete|masonry|stone,how to|diy|tutorial|instructions|jobs|job|careers|salary|home depot|lowes|menards|amazon|supplies|materials|kits|prefab|prebuilt|cheap|free|reddit|youtube|plastic|pvc|vinyl|resin|synthetic|composite|engineered|polywood|fiber cement|fibre cement|hardie|hardiplank|james hardie|lp smartside|trex|timbertech|azek|fiberon|evergrain|metal|aluminum|aluminium|steel|iron|wrought iron
Bay Area Structures,Premium Wood Fence Restoration,hardwood fence,Phrase,deck|siding|gazebo|arbor|trellis|pergola|furniture|brick|concrete|masonry|stone,how to|diy|tutorial|instructions|jobs|job|careers|salary|home depot|lowes|menards|amazon|supplies|materials|kits|prefab|prebuilt|cheap|free|reddit|youtube|plastic|pvc|vinyl|resin|synthetic|composite|engineered|polywood|fiber cement|fibre cement|hardie|hardiplank|james hardie|lp smartside|trex|timbertech|azek|fiberon|evergrain|metal|aluminum|aluminium|steel|iron|wrought iron
Bay Area Structures,Teak Furniture Restoration,teak furniture restoration,Exact,deck|siding|gazebo|arbor|trellis|pergola|fence|brick|concrete|masonry|stone,how to|diy|tutorial|instructions|jobs|job|careers|salary|home depot|lowes|menards|amazon|supplies|materials|kits|prefab|prebuilt|cheap|free|reddit|youtube|plastic|pvc|vinyl|resin|synthetic|composite|engineered|polywood|fiber cement|fibre cement|hardie|hardiplank|james hardie|lp smartside|trex|timbertech|azek|fiberon|evergrain|metal|aluminum|aluminium|steel|iron|wrought iron
Bay Area Structures,Teak Furniture Restoration,teak furniture refinishing,Exact,deck|siding|gazebo|arbor|trellis|pergola|fence|brick|concrete|masonry|stone,how to|diy|tutorial|instructions|jobs|job|careers|salary|home depot|lowes|menards|amazon|supplies|materials|kits|prefab|prebuilt|cheap|free|reddit|youtube|plastic|pvc|vinyl|resin|synthetic|composite|engineered|polywood|fiber cement|fibre cement|hardie|hardiplank|james hardie|lp smartside|trex|timbertech|azek|fiberon|evergrain|metal|aluminum|aluminium|steel|iron|wrought iron
Bay Area Structures,Teak Furniture Restoration,teak furniture repair,Exact,deck|siding|gazebo|arbor|trellis|pergola|fence|brick|concrete|masonry|stone,how to|diy|tutorial|instructions|jobs|job|careers|salary|home depot|lowes|menards|amazon|supplies|materials|kits|prefab|prebuilt|cheap|free|reddit|youtube|plastic|pvc|vinyl|resin|synthetic|composite|engineered|polywood|fiber cement|fibre cement|hardie|hardiplank|james hardie|lp smartside|trex|timbertech|azek|fiberon|evergrain|metal|aluminum|aluminium|steel|iron|wrought iron
Bay Area Structures,Teak Furniture Restoration,teak furniture maintenance,Exact,deck|siding|gazebo|arbor|trellis|pergola|fence|brick|concrete|masonry|stone,how to|diy|tutorial|instructions|jobs|job|careers|salary|home depot|lowes|menards|amazon|supplies|materials|kits|prefab|prebuilt|cheap|free|reddit|youtube|plastic|pvc|vinyl|resin|synthetic|composite|engineered|polywood|fiber cement|fibre cement|hardie|hardiplank|james hardie|lp smartside|trex|timbertech|azek|fiberon|evergrain|metal|aluminum|aluminium|steel|iron|wrought iron
Bay Area Pressure,Pressure Washing Hardscape,hardscape pressure washing,Phrase,deck|siding|fence|gazebo|arbor|trellis|pergola|furniture,how to|diy|tutorial|instructions|jobs|job|careers|salary|home depot|lowes|menards|amazon|supplies|materials|kits|prefab|prebuilt|cheap|free|reddit|youtube|plastic|pvc|vinyl|resin|synthetic|composite|engineered|polywood|fiber cement|fibre cement|hardie|hardiplank|james hardie|lp smartside|trex|timbertech|azek|fiberon|evergrain|metal|aluminum|aluminium|steel|iron|wrought iron
Bay Area Pressure,Pressure Washing Hardscape,concrete pressure washing,Phrase,deck|siding|fence|gazebo|arbor|trellis|pergola|furniture,how to|diy|tutorial|instructions|jobs|job|careers|salary|home depot|lowes|menards|amazon|supplies|materials|kits|prefab|prebuilt|cheap|free|reddit|youtube|plastic|pvc|vinyl|resin|synthetic|composite|engineered|polywood|fiber cement|fibre cement|hardie|hardiplank|james hardie|lp smartside|trex|timbertech|azek|fiberon|evergrain|metal|aluminum|aluminium|steel|iron|wrought iron
Bay Area Pressure,Pressure Washing Hardscape,stone pressure washing,Phrase,deck|siding|fence|gazebo|arbor|trellis|pergola|furniture,how to|diy|tutorial|instructions|jobs|job|careers|salary|home depot|lowes|menards|amazon|supplies|materials|kits|prefab|prebuilt|cheap|free|reddit|youtube|plastic|pvc|vinyl|resin|synthetic|composite|engineered|polywood|fiber cement|fibre cement|hardie|hardiplank|james hardie|lp smartside|trex|timbertech|azek|fiberon|evergrain|metal|aluminum|aluminium|steel|iron|wrought iron
Bay Area Pressure,Pressure Washing Hardscape,patio pressure washing,Phrase,deck|siding|fence|gazebo|arbor|trellis|pergola|furniture,how to|diy|tutorial|instructions|jobs|job|careers|salary|home depot|lowes|menards|amazon|supplies|materials|kits|prefab|prebuilt|cheap|free|reddit|youtube|plastic|pvc|vinyl|resin|synthetic|composite|engineered|polywood|fiber cement|fibre cement|hardie|hardiplank|james hardie|lp smartside|trex|timbertech|azek|fiberon|evergrain|metal|aluminum|aluminium|steel|iron|wrought iron
Bay Area Exterior Wood (Catch-all),Exterior Wood Restoration and Preservation,exterior wood restoration,Phrase,brick|concrete|masonry|stone,how to|diy|tutorial|instructions|jobs|job|careers|salary|home depot|lowes|menards|amazon|supplies|materials|kits|prefab|prebuilt|cheap|free|reddit|youtube|plastic|pvc|vinyl|resin|synthetic|composite|engineered|polywood|fiber cement|fibre cement|hardie|hardiplank|james hardie|lp smartside|trex|timbertech|azek|fiberon|evergrain|metal|aluminum|aluminium|steel|iron|wrought iron
Bay Area Exterior Wood (Catch-all),Exterior Wood Restoration and Preservation,exterior wood refinishing,Phrase,brick|concrete|masonry|stone,how to|diy|tutorial|instructions|jobs|job|careers|salary|home depot|lowes|menards|amazon|supplies|materials|kits|prefab|prebuilt|cheap|free|reddit|youtube|plastic|pvc|vinyl|resin|synthetic|composite|engineered|polywood|fiber cement|fibre cement|hardie|hardiplank|james hardie|lp smartside|trex|timbertech|azek|fiberon|evergrain|metal|aluminum|aluminium|steel|iron|wrought iron
Bay Area Exterior Wood (Catch-all),Exterior Wood Restoration and Preservation,exterior wood repair,Phrase,brick|concrete|masonry|stone,how to|diy|tutorial|instructions|jobs|job|careers|salary|home depot|lowes|menards|amazon|supplies|materials|kits|prefab|prebuilt|cheap|free|reddit|youtube|plastic|pvc|vinyl|resin|synthetic|composite|engineered|polywood|fiber cement|fibre cement|hardie|hardiplank|james hardie|lp smartside|trex|timbertech|azek|fiberon|evergrain|metal|aluminum|aluminium|steel|iron|wrought iron
Bay Area Exterior Wood (Catch-all),Exterior Wood Restoration and Preservation,exterior wood maintenance,Phrase,brick|concrete|masonry|stone,how to|diy|tutorial|instructions|jobs|job|careers|salary|home depot|lowes|menards|amazon|supplies|materials|kits|prefab|prebuilt|cheap|free|reddit|youtube|plastic|pvc|vinyl|resin|synthetic|composite|engineered|polywood|fiber cement|fibre cement|hardie|hardiplank|james hardie|lp smartside|trex|timbertech|azek|fiberon|evergrain|metal|aluminum|aluminium|steel|iron|wrought iron
Bay Area Exterior Wood (Catch-all),Exterior Wood Restoration and Preservation,wood restoration,Phrase,brick|concrete|masonry|stone,how to|diy|tutorial|instructions|jobs|job|careers|salary|home depot|lowes|menards|amazon|supplies|materials|kits|prefab|prebuilt|cheap|free|reddit|youtube|plastic|pvc|vinyl|resin|synthetic|composite|engineered|polywood|fiber cement|fibre cement|hardie|hardiplank|james hardie|lp smartside|trex|timbertech|azek|fiberon|evergrain|metal|aluminum|aluminium|steel|iron|wrought iron
Bay Area Exterior Wood (Catch-all),Exterior Wood Restoration and Preservation,wood refinishing,Phrase,brick|concrete|masonry|stone,how to|diy|tutorial|instructions|jobs|job|careers|salary|home depot|lowes|menards|amazon|supplies|materials|kits|prefab|prebuilt|cheap|free|reddit|youtube|plastic|pvc|vinyl|resin|synthetic|composite|engineered|polywood|fiber cement|fibre cement|hardie|hardiplank|james hardie|lp smartside|trex|timbertech|azek|fiberon|evergrain|metal|aluminum|aluminium|steel|iron|wrought iron
Bay Area Exterior Wood (Catch-all),Exterior Wood Restoration and Preservation,exterior wood services,Phrase,brick|concrete|masonry|stone,how to|diy|tutorial|instructions|jobs|job|careers|salary|home depot|lowes|menards|amazon|supplies|materials|kits|prefab|prebuilt|cheap|free|reddit|youtube|plastic|pvc|vinyl|resin|synthetic|composite|engineered|polywood|fiber cement|fibre cement|hardie|hardiplank|james hardie|lp smartside|trex|timbertech|azek|fiberon|evergrain|metal|aluminum|aluminium|steel|iron|wrought iron
Bay Area Exterior Wood (Catch-all),Exterior Wood Restoration and Preservation,wood preservation,Phrase,brick|concrete|masonry|stone,how to|diy|tutorial|instructions|jobs|job|careers|salary|home depot|lowes|menards|amazon|supplies|materials|kits|prefab|prebuilt|cheap|free|reddit|youtube|plastic|pvc|vinyl|resin|synthetic|composite|engineered|polywood|fiber cement|fibre cement|hardie|hardiplank|james hardie|lp smartside|trex|timbertech|azek|fiberon|evergrain|metal|aluminum|aluminium|steel|iron|wrought iron
